customer_id,name,email,city,signup_date
1,Brandon Acosta,rebeccajohns@elliott.com,Morganchester,2022-06-19
2,Shane Martin,zdavidson@ortiz.com,New Nicole,2023-08-15
3,Geoffrey Hubbard,jasondavis@hotmail.com,West Linda,2025-03-17
4,Jeanne Hanson,lewisjonathan@rodriguez-ferrell.com,West Tiffanyburgh,2023-03-05
5,Richard Edwards,bmcguire@rose-jacobs.net,West Jeanetteborough,2022-10-09
6,Alexis Fischer,jenkinstroy@gmail.com,South Tyler,2023-04-07
7,Lori Hancock,wrightpatrick@bartlett.com,Morrisonview,2023-06-30
8,Allison Johnson,bradley20@schmidt-mcdonald.net,Jimenezfurt,2025-04-12
9,Victor Harris,leslie60@elliott.info,Beckerborough,2024-08-12
10,James Wall,imitchell@hotmail.com,Port Barbara,2023-02-16
11,Rhonda Carter,juanhoover@yahoo.com,Julieport,2025-01-08
12,Michael Alexander,fullerjoshua@gibbs.com,South Nancychester,2024-08-29
13,Matthew Burgess,xcherry@boyd.org,Douglasfort,2024-12-10
14,Billy Hamilton,thomaswilliam@hotmail.com,Keithbury,2024-07-01
15,Michael Hernandez,julie50@huerta.net,Harriston,2022-08-12
16,Chelsey Hale,amanda44@turner.org,Chambersstad,2023-10-08
17,John Woodard,dawnwright@moody.biz,New Claudia,2022-10-24
18,Jonathan Greer,branchrebecca@ferguson.info,Butlerfurt,2025-01-08
19,Stanley Moore,twalker@gonzalez.info,South Ritaville,2023-02-18
20,Kelly Stone,rkennedy@hotmail.com,New Michaelfort,2024-04-16
21,Andrew Spencer,jacqueline55@martin.com,Lake Kristina,2023-10-08
22,Brittney Odonnell,jordanlynch@gmail.com,East Robertotown,2022-06-02
23,Wanda Brown,roy60@yahoo.com,West Brendanfurt,2022-06-07
24,Heather Rocha,xmoon@brown-rodriguez.com,Mariachester,2022-07-06
25,Stephanie Davis,smithdiane@hotmail.com,Teresaport,2024-12-23
26,Shane Compton,fgood@gmail.com,Wongport,2023-06-08
27,Michael Kelley,aarongreen@hotmail.com,West Jessicatown,2024-12-28
28,Spencer Ramirez,tammymitchell@smith.com,Elizabethport,2023-03-15
29,Travis Lewis,nicole31@gmail.com,Port Sarahton,2022-11-15
30,Steve Adkins,coreycarlson@swanson.biz,Port Austin,2022-12-19
31,Cynthia Romero,paynecaroline@miller-torres.org,West Richard,2023-06-11
32,Charles Rodriguez,luisbennett@stephens.com,Webbland,2024-07-26
33,Andrew Love,sanchezsamantha@wheeler-owens.com,Heathertown,2024-02-06
34,Steven Solis,brandon76@yahoo.com,Nicholasberg,2025-01-09
35,Carmen White,sarahnielsen@yahoo.com,Livingstonfurt,2025-02-06
36,Catherine Berry,johngarrett@wong-lopez.org,New Laurenville,2024-02-20
37,Jennifer Hansen,butlerjohn@howard-smith.net,Davisland,2022-06-20
38,Dawn White,clee@yahoo.com,Mcculloughbury,2023-08-21
39,Katherine Golden,ashley75@english.biz,Gloverbury,2023-10-30
40,William Davis,justinacosta@bean.com,Port Jenniferfort,2024-04-25
41,Bonnie Blair MD,andrewreilly@jones-smith.com,South Cynthia,2023-10-22
42,James Johnson,hillerin@hotmail.com,West Codyland,2023-12-09
43,Ronald Patterson,tyler60@gmail.com,East Misty,2022-05-07
44,Charles Ortiz,lmullen@gmail.com,Floreston,2024-09-29
45,Brianna Walker,kimberlygood@yahoo.com,Port Alexandriaberg,2024-09-16
46,Antonio Johnson,blackwellcharles@yahoo.com,New Sharon,2022-05-07
47,Joshua Gonzalez,richardsadrian@yahoo.com,Diazland,2023-08-08
48,Paul May,kellerashley@nguyen.com,Port Brittany,2023-07-02
49,James Rivera,rroy@hotmail.com,Port Luisville,2025-03-23
50,Abigail Harris,nashlaura@gmail.com,Gainesstad,2022-05-03
51,Joanna Morris,julie17@campbell-norman.com,Aprilbury,2024-02-24
52,Dylan Lee,rsanders@hotmail.com,South Jamesfurt,2023-07-14
53,Jonathon Gregory,zgarner@wyatt.org,Johnsonchester,2025-03-05
54,Larry Brown,davidsonlisa@ayala.com,East Chad,2023-09-11
55,Angel Jimenez,davidcoleman@miller-young.com,Stephaniehaven,2022-11-16
56,Stephanie Contreras,qcarrillo@morgan.com,Armstrongshire,2024-06-09
57,Cynthia Green,thompsonricky@yahoo.com,Lake Stephen,2023-04-28
58,Amanda Molina,larry98@hotmail.com,Port Christinaville,2024-08-06
59,Sarah Oneal,rlee@gmail.com,Samuelborough,2023-02-04
60,John Kelly,gonzalezkelly@bryant.com,Montoyabury,2023-07-29
61,Elizabeth Forbes,rbowers@dominguez.biz,Smithfurt,2024-02-18
62,Martin Baldwin,clarkscott@yahoo.com,North Sherry,2025-01-18
63,Scott Griffith,douglas69@gmail.com,Meyersberg,2024-11-20
64,Daniel Andrade,jill01@yahoo.com,Tiffanymouth,2023-03-22
65,Troy Mason,pmurphy@gmail.com,Port Amandamouth,2022-12-25
66,Andrew Heath,halltonya@brown.info,Roweton,2024-06-09
67,John Lang,omarmoss@hotmail.com,South Ginaborough,2022-09-15
68,Gregory Cole,ewilliams@simpson-griffin.com,Lake Jeff,2022-11-26
69,Chelsea Lyons,brandybaker@hotmail.com,Cassandrachester,2023-01-13
70,Elizabeth May,laurenhowell@jones.com,Matthewmouth,2025-01-12
71,Christopher Parker,warecheyenne@rodriguez.com,Lyonsburgh,2023-07-12
72,Patricia Harrington,qrivera@gmail.com,North Jamie,2024-12-24
73,Caleb Durham,richard72@santos.org,Port Jose,2023-09-04
74,Jose Nichols,fostercassandra@moran-hernandez.com,Vincentmouth,2024-05-18
75,Cody Haynes,bobby22@miller-owens.org,Adamsview,2022-12-10
76,Stephen Harris,sramos@hotmail.com,Gallagherfurt,2023-08-18
77,Andrea Kemp,joshuabrown@rios.info,Shannontown,2025-01-21
78,John Padilla,shawnwilliams@hotmail.com,Marcustown,2024-05-20
79,Richard Parker,jessica00@yahoo.com,Mejiastad,2025-01-09
80,Jason Kirk,uwest@gmail.com,Cunninghamhaven,2023-04-04
81,Daniel Williams,zjohnson@soto-smith.com,North Adam,2025-03-27
82,Carol Rowe,morenoemma@gmail.com,Smithshire,2025-01-27
83,Steven Estes,brianmiller@yahoo.com,South William,2024-11-13
84,Matthew Parker,robertwilson@gmail.com,South Julian,2023-11-10
85,Jeremy Lane,eric04@gmail.com,Port Ericton,2025-02-13
86,Steven Miller,bentleymelissa@davis.info,East Dylanstad,2023-06-25
87,Mark Hicks,jadetucker@holmes.biz,New Julie,2023-09-16
88,James Silva,harristiffany@gmail.com,Katrinatown,2022-05-07
89,Suzanne Orozco,ojones@yahoo.com,North Dawn,2023-02-22
90,Carla Carrillo,nanderson@ross.com,East Toddborough,2022-09-21
91,Jamie Donaldson,elizabeth21@yahoo.com,East Markbury,2024-08-05
92,Tamara Ward,victorgill@gmail.com,North Kristi,2024-05-05
93,Melissa Singleton,terrichavez@vargas.com,South Lorifurt,2023-04-02
94,Monique Mendez,phillipscolton@stone-mccarthy.org,Salasberg,2024-05-07
95,Justin Harris,cduncan@taylor.com,Jessicaside,2022-07-14
96,Sandra Kim,irobinson@williams.com,South Nicole,2023-01-18
97,Katelyn Greene,sgreen@hotmail.com,Lake Christopher,2022-11-30
98,Krystal Lucero,ashleymullen@yahoo.com,New Michelletown,2022-04-29
99,Ms. Amanda Mills,christopherpowers@burke.com,Danielleburgh,2024-03-07
100,John Garner,randygriffith@lambert.com,Melissamouth,2024-11-23
